{"cameraMode":{"drawMode":0,"name":"Shaded","section":"Shading Mode"},"sceneLighting":true,"audioPlay":false,"sceneViewState":{"m_AlwaysRefresh":false,"showFog":true,"showSkybox":true,"showFlares":true,"showImageEffects":true,"showParticleSystems":true,"showVisualEffectGraphs":true,"m_FxEnabled":true},"in2DMode":false,"pivot":{"x":-2.0528905391693117,"y":15.994706153869629,"z":-28.055438995361329},"rotation":{"x":-0.1689825803041458,"y":-0.013209717348217965,"z":0.002264460315927863,"w":-0.9855467677116394},"size":6.151242733001709,"orthographic":false}